user_id,date,total_steps,calories,very_active_minutes,fairly_active_minutes,lightly_active_minutes,sedentary_minutes,active_min,total_minutes_asleep,total_time_in_bed,sleep_efficiency,weekday,is_weekend,steps_bin
1503960366,2016-03-25T00:00:00Z,11004,1819,33,12,205,804,250,NA,NA,NA,Fri,FALSE,10–12.5k
1503960366,2016-03-26T00:00:00Z,17609,2154,89,17,274,588,380,NA,NA,NA,Sat,TRUE,≥12.5k
1503960366,2016-03-27T00:00:00Z,12736,1944,56,5,268,605,329,NA,NA,NA,Sun,TRUE,≥12.5k
1503960366,2016-03-28T00:00:00Z,13231,1932,39,20,224,1080,283,NA,NA,NA,Mon,FALSE,≥12.5k
1503960366,2016-03-29T00:00:00Z,12041,1886,28,28,243,763,299,NA,NA,NA,Tue,FALSE,10–12.5k
1503960366,2016-03-30T00:00:00Z,10970,1820,30,13,223,1174,266,NA,NA,NA,Wed,FALSE,10–12.5k
1503960366,2016-03-31T00:00:00Z,12256,1889,33,12,239,820,284,NA,NA,NA,Thu,FALSE,10–12.5k
1503960366,2016-04-01T00:00:00Z,12262,1868,47,21,200,866,268,NA,NA,NA,Fri,FALSE,10–12.5k
1503960366,2016-04-02T00:00:00Z,11248,1843,40,11,244,636,295,NA,NA,NA,Sat,TRUE,10–12.5k
1503960366,2016-04-03T00:00:00Z,10016,1850,15,30,314,655,359,NA,NA,NA,Sun,TRUE,10–12.5k
1503960366,2016-04-04T00:00:00Z,14557,2030,43,18,285,757,346,NA,NA,NA,Mon,FALSE,≥12.5k
1503960366,2016-04-05T00:00:00Z,14844,2083,36,18,341,736,395,NA,NA,NA,Tue,FALSE,≥12.5k
1503960366,2016-04-06T00:00:00Z,11974,1861,27,12,228,1173,267,NA,NA,NA,Wed,FALSE,10–12.5k
1503960366,2016-04-07T00:00:00Z,10198,1755,17,20,195,1208,232,NA,NA,NA,Thu,FALSE,10–12.5k
1503960366,2016-04-08T00:00:00Z,12521,1895,46,22,212,1160,280,NA,NA,NA,Fri,FALSE,≥12.5k
1503960366,2016-04-09T00:00:00Z,12432,1883,32,15,248,738,295,NA,NA,NA,Sat,TRUE,10–12.5k
1503960366,2016-04-10T00:00:00Z,10057,1755,44,13,168,737,225,NA,NA,NA,Sun,TRUE,10–12.5k
1503960366,2016-04-11T00:00:00Z,10990,1811,26,14,216,855,256,NA,NA,NA,Mon,FALSE,10–12.5k
1503960366,2016-04-12T00:00:00Z,224,50,0,0,9,32,9,327,346,0.9450867052023122,Tue,FALSE,<5k
1624580081,2016-03-25T00:00:00Z,1810,1373,0,0,121,1319,121,NA,NA,NA,Fri,FALSE,<5k
1624580081,2016-03-26T00:00:00Z,815,1264,0,0,47,1393,47,NA,NA,NA,Sat,TRUE,<5k
1624580081,2016-03-27T00:00:00Z,1985,1350,0,0,112,1328,112,NA,NA,NA,Sun,TRUE,<5k
1624580081,2016-03-28T00:00:00Z,1905,1342,0,0,95,1345,95,NA,NA,NA,Mon,FALSE,<5k
1624580081,2016-03-29T00:00:00Z,1552,1300,0,0,66,1374,66,NA,NA,NA,Tue,FALSE,<5k
1624580081,2016-03-30T00:00:00Z,1675,1313,0,0,84,1356,84,NA,NA,NA,Wed,FALSE,<5k
1624580081,2016-03-31T00:00:00Z,4506,1498,7,4,144,1285,155,NA,NA,NA,Thu,FALSE,<5k
1624580081,2016-04-01T00:00:00Z,9218,1541,0,0,221,1219,221,NA,NA,NA,Fri,FALSE,7.5–10k
1624580081,2016-04-02T00:00:00Z,1556,1327,0,0,88,1352,88,NA,NA,NA,Sat,TRUE,<5k
1624580081,2016-04-03T00:00:00Z,2910,1452,0,0,157,1283,157,NA,NA,NA,Sun,TRUE,<5k
1624580081,2016-04-04T00:00:00Z,18464,1574,0,0,270,1170,270,NA,NA,NA,Mon,FALSE,≥12.5k
1624580081,2016-04-05T00:00:00Z,1335,1308,0,0,74,1366,74,NA,NA,NA,Tue,FALSE,<5k
1624580081,2016-04-06T00:00:00Z,1004,1276,0,0,55,1385,55,NA,NA,NA,Wed,FALSE,<5k
1624580081,2016-04-07T00:00:00Z,1111,1278,0,0,54,1386,54,NA,NA,NA,Thu,FALSE,<5k
1624580081,2016-04-08T00:00:00Z,6344,1409,0,0,143,1297,143,NA,NA,NA,Fri,FALSE,5–7.5k
1624580081,2016-04-09T00:00:00Z,3572,1370,0,0,122,1318,122,NA,NA,NA,Sat,TRUE,<5k
1624580081,2016-04-10T00:00:00Z,3910,1555,7,7,186,1240,200,NA,NA,NA,Sun,TRUE,<5k
1624580081,2016-04-11T00:00:00Z,10000,1469,0,0,172,1268,172,NA,NA,NA,Mon,FALSE,7.5–10k
1624580081,2016-04-12T00:00:00Z,6627,706,0,0,89,604,89,NA,NA,NA,Tue,FALSE,5–7.5k
1644430081,2016-04-01T00:00:00Z,4636,3323,0,16,586,838,602,NA,NA,NA,Fri,FALSE,<5k
1644430081,2016-04-02T00:00:00Z,20237,4029,34,141,347,918,522,NA,NA,NA,Sat,TRUE,≥12.5k
1644430081,2016-04-03T00:00:00Z,12912,3436,59,16,283,1082,358,NA,NA,NA,Sun,TRUE,≥12.5k
1644430081,2016-04-04T00:00:00Z,2819,2444,4,4,87,1345,95,NA,NA,NA,Mon,FALSE,<5k
1644430081,2016-04-05T00:00:00Z,9921,3098,5,35,219,1181,259,NA,NA,NA,Tue,FALSE,7.5–10k
1644430081,2016-04-06T00:00:00Z,8046,2925,18,41,137,1244,196,NA,NA,NA,Wed,FALSE,7.5–10k
1644430081,2016-04-07T00:00:00Z,11166,3202,3,58,230,1149,291,NA,NA,NA,Thu,FALSE,10–12.5k
1644430081,2016-04-08T00:00:00Z,7842,2928,7,43,161,1229,211,NA,NA,NA,Fri,FALSE,7.5–10k
1644430081,2016-04-09T00:00:00Z,13840,3290,18,81,192,1149,291,NA,NA,NA,Sat,TRUE,≥12.5k
1644430081,2016-04-10T00:00:00Z,1329,489,0,0,35,207,35,NA,NA,NA,Sun,TRUE,<5k
1844505072,2016-04-01T00:00:00Z,6847,1969,9,9,251,1171,269,NA,NA,NA,Fri,FALSE,5–7.5k
1844505072,2016-04-02T00:00:00Z,5367,1889,0,0,263,1177,263,NA,NA,NA,Sat,TRUE,5–7.5k
1844505072,2016-04-03T00:00:00Z,2841,1636,0,0,136,1114,136,NA,NA,NA,Sun,TRUE,<5k
1844505072,2016-04-04T00:00:00Z,0,1347,0,0,0,669,0,NA,NA,NA,Mon,FALSE,<5k
1844505072,2016-04-05T00:00:00Z,0,1347,0,0,0,1440,0,NA,NA,NA,Tue,FALSE,<5k
1844505072,2016-04-06T00:00:00Z,7,1349,0,0,1,1439,1,NA,NA,NA,Wed,FALSE,<5k
1844505072,2016-04-07T00:00:00Z,6344,1965,0,0,290,1150,290,NA,NA,NA,Thu,FALSE,5–7.5k
1844505072,2016-04-08T00:00:00Z,5316,1824,0,0,221,1219,221,NA,NA,NA,Fri,FALSE,5–7.5k
1844505072,2016-04-09T00:00:00Z,4979,1807,0,0,184,620,184,NA,NA,NA,Sat,TRUE,<5k
1844505072,2016-04-10T00:00:00Z,6556,1971,0,0,305,810,305,NA,NA,NA,Sun,TRUE,5–7.5k
1844505072,2016-04-11T00:00:00Z,5430,1888,0,0,251,1189,251,NA,NA,NA,Mon,FALSE,5–7.5k
1844505072,2016-04-12T00:00:00Z,0,399,0,0,0,426,0,NA,NA,NA,Tue,FALSE,<5k
1927972279,2016-04-01T00:00:00Z,4317,2590,0,11,192,854,203,NA,NA,NA,Fri,FALSE,<5k
1927972279,2016-04-02T00:00:00Z,5662,2783,0,0,267,858,267,NA,NA,NA,Sat,TRUE,5–7.5k
1927972279,2016-04-03T00:00:00Z,3198,2449,0,0,146,1183,146,NA,NA,NA,Sun,TRUE,<5k
1927972279,2016-04-04T00:00:00Z,2352,2380,0,0,128,829,128,NA,NA,NA,Mon,FALSE,<5k
1927972279,2016-04-05T00:00:00Z,2234,2344,0,0,108,912,108,NA,NA,NA,Tue,FALSE,<5k
1927972279,2016-04-06T00:00:00Z,1259,2202,0,0,73,938,73,NA,NA,NA,Wed,FALSE,<5k
1927972279,2016-04-07T00:00:00Z,768,2130,0,0,43,1397,43,NA,NA,NA,Thu,FALSE,<5k
1927972279,2016-04-08T00:00:00Z,519,2088,0,0,34,1406,34,NA,NA,NA,Fri,FALSE,<5k
1927972279,2016-04-09T00:00:00Z,2523,2443,0,9,134,1250,143,NA,NA,NA,Sat,TRUE,<5k
1927972279,2016-04-10T00:00:00Z,2105,2442,0,0,139,805,139,NA,NA,NA,Sun,TRUE,<5k
1927972279,2016-04-11T00:00:00Z,1209,2255,0,0,73,842,73,NA,NA,NA,Mon,FALSE,<5k
1927972279,2016-04-12T00:00:00Z,24,942,0,0,3,161,3,750,775,0.967741935483871,Tue,FALSE,<5k
2022484408,2016-04-01T00:00:00Z,13603,2645,72,16,213,1139,301,NA,NA,NA,Fri,FALSE,≥12.5k
2022484408,2016-04-02T00:00:00Z,5477,2040,0,0,237,1203,237,NA,NA,NA,Sat,TRUE,5–7.5k
2022484408,2016-04-03T00:00:00Z,11144,2395,25,22,279,1114,326,NA,NA,NA,Sun,TRUE,10–12.5k
2022484408,2016-04-04T00:00:00Z,15313,2581,62,19,233,1126,314,NA,NA,NA,Mon,FALSE,≥12.5k
2022484408,2016-04-05T00:00:00Z,10805,2735,36,37,298,1069,371,NA,NA,NA,Tue,FALSE,10–12.5k
2022484408,2016-04-06T00:00:00Z,15392,2733,47,42,258,1093,347,NA,NA,NA,Wed,FALSE,≥12.5k
2022484408,2016-04-07T00:00:00Z,18247,3021,72,62,252,1054,386,NA,NA,NA,Thu,FALSE,≥12.5k
2022484408,2016-04-08T00:00:00Z,13023,2577,40,12,296,1092,348,NA,NA,NA,Fri,FALSE,≥12.5k
2022484408,2016-04-09T00:00:00Z,16267,2811,44,16,302,1078,362,NA,NA,NA,Sat,TRUE,≥12.5k
2022484408,2016-04-10T00:00:00Z,10005,2458,1,23,339,1077,363,NA,NA,NA,Sun,TRUE,10–12.5k
2022484408,2016-04-11T00:00:00Z,10106,2568,41,16,272,1111,329,NA,NA,NA,Mon,FALSE,10–12.5k
2022484408,2016-04-12T00:00:00Z,6717,1140,41,5,67,551,113,NA,NA,NA,Tue,FALSE,5–7.5k
2026352035,2016-04-01T00:00:00Z,2605,1407,0,0,166,729,166,NA,NA,NA,Fri,FALSE,<5k
2026352035,2016-04-02T00:00:00Z,1229,1237,0,0,69,795,69,NA,NA,NA,Sat,TRUE,<5k
2026352035,2016-04-03T00:00:00Z,2308,1330,0,0,115,720,115,NA,NA,NA,Sun,TRUE,<5k
2026352035,2016-04-04T00:00:00Z,6679,1583,0,0,263,644,263,NA,NA,NA,Mon,FALSE,5–7.5k
2026352035,2016-04-05T00:00:00Z,5645,1538,0,0,248,621,248,NA,NA,NA,Tue,FALSE,5–7.5k
2026352035,2016-04-06T00:00:00Z,3180,1421,0,0,185,738,185,NA,NA,NA,Wed,FALSE,<5k
2026352035,2016-04-07T00:00:00Z,2767,1392,0,0,170,673,170,NA,NA,NA,Thu,FALSE,<5k
2026352035,2016-04-08T00:00:00Z,3762,1425,0,0,173,719,173,NA,NA,NA,Fri,FALSE,<5k
2026352035,2016-04-09T00:00:00Z,3098,1413,0,0,185,700,185,NA,NA,NA,Sat,TRUE,<5k
2026352035,2016-04-10T00:00:00Z,5142,1515,0,0,230,654,230,NA,NA,NA,Sun,TRUE,5–7.5k
2026352035,2016-04-11T00:00:00Z,3279,1405,0,0,164,694,164,NA,NA,NA,Mon,FALSE,<5k
2026352035,2016-04-12T00:00:00Z,1019,600,0,0,64,223,64,503,546,0.9212454212454212,Tue,FALSE,<5k
2320127002,2016-04-01T00:00:00Z,0,1324,0,0,0,1440,0,NA,NA,NA,Fri,FALSE,<5k
2320127002,2016-04-02T00:00:00Z,0,1324,0,0,0,1440,0,NA,NA,NA,Sat,TRUE,<5k
2320127002,2016-04-03T00:00:00Z,0,1324,0,0,0,1440,0,NA,NA,NA,Sun,TRUE,<5k
2320127002,2016-04-04T00:00:00Z,0,1324,0,0,0,1440,0,NA,NA,NA,Mon,FALSE,<5k
2320127002,2016-04-05T00:00:00Z,4931,1708,0,0,175,1265,175,NA,NA,NA,Tue,FALSE,<5k
2320127002,2016-04-06T00:00:00Z,6999,1950,0,0,320,1120,320,NA,NA,NA,Wed,FALSE,5–7.5k
2320127002,2016-04-07T00:00:00Z,1846,1508,0,0,93,1347,93,NA,NA,NA,Thu,FALSE,<5k
2320127002,2016-04-08T00:00:00Z,3417,1625,0,0,153,1287,153,NA,NA,NA,Fri,FALSE,<5k
2320127002,2016-04-09T00:00:00Z,4863,1772,1,11,208,1220,220,NA,NA,NA,Sat,TRUE,<5k
2320127002,2016-04-10T00:00:00Z,2277,1530,0,0,103,1337,103,NA,NA,NA,Sun,TRUE,<5k
2320127002,2016-04-11T00:00:00Z,11230,2206,10,2,390,1038,402,NA,NA,NA,Mon,FALSE,10–12.5k
2320127002,2016-04-12T00:00:00Z,2098,790,0,0,69,617,69,NA,NA,NA,Tue,FALSE,<5k
2347167796,2016-03-29T00:00:00Z,10272,2041,2,58,208,700,268,NA,NA,NA,Tue,FALSE,10–12.5k
2347167796,2016-03-30T00:00:00Z,10533,2187,21,35,255,615,311,NA,NA,NA,Wed,FALSE,10–12.5k
2347167796,2016-03-31T00:00:00Z,6760,1929,0,0,250,613,250,NA,NA,NA,Thu,FALSE,5–7.5k
2347167796,2016-04-01T00:00:00Z,8328,1935,0,33,212,804,245,NA,NA,NA,Fri,FALSE,7.5–10k
2347167796,2016-04-02T00:00:00Z,15459,2438,51,16,327,583,394,NA,NA,NA,Sat,TRUE,≥12.5k
2347167796,2016-04-03T00:00:00Z,7485,2035,0,0,324,491,324,NA,NA,NA,Sun,TRUE,5–7.5k
2347167796,2016-04-04T00:00:00Z,10254,2099,21,25,231,638,277,NA,NA,NA,Mon,FALSE,10–12.5k
2347167796,2016-04-05T00:00:00Z,10114,2096,18,9,269,696,296,NA,NA,NA,Tue,FALSE,10–12.5k
2347167796,2016-04-06T00:00:00Z,11107,2058,14,46,196,759,256,NA,NA,NA,Wed,FALSE,10–12.5k
2347167796,2016-04-07T00:00:00Z,10320,2338,15,32,315,1002,362,NA,NA,NA,Thu,FALSE,10–12.5k
2347167796,2016-04-08T00:00:00Z,10209,2104,2,6,316,711,324,NA,NA,NA,Fri,FALSE,10–12.5k
2347167796,2016-04-09T00:00:00Z,16081,2488,16,32,401,970,449,NA,NA,NA,Sat,TRUE,≥12.5k
2347167796,2016-04-10T00:00:00Z,10078,2164,12,3,303,463,318,NA,NA,NA,Sun,TRUE,10–12.5k
2347167796,2016-04-11T00:00:00Z,10001,2009,5,52,196,788,253,NA,NA,NA,Mon,FALSE,10–12.5k
2347167796,2016-04-12T00:00:00Z,0,399,0,0,0,425,0,NA,NA,NA,Tue,FALSE,<5k
2873212765,2016-04-01T00:00:00Z,890,1335,0,0,41,1399,41,NA,NA,NA,Fri,FALSE,<5k
2873212765,2016-04-02T00:00:00Z,2214,1559,0,0,197,1243,197,NA,NA,NA,Sat,TRUE,<5k
2873212765,2016-04-03T00:00:00Z,7640,1845,3,15,315,1107,333,NA,NA,NA,Sun,TRUE,7.5–10k
2873212765,2016-04-04T00:00:00Z,9713,2046,6,24,355,1055,385,NA,NA,NA,Mon,FALSE,7.5–10k
2873212765,2016-04-05T00:00:00Z,8432,1953,0,0,374,1066,374,NA,NA,NA,Tue,FALSE,7.5–10k
2873212765,2016-04-06T00:00:00Z,7350,1910,0,0,382,1058,382,NA,NA,NA,Wed,FALSE,5–7.5k
2873212765,2016-04-07T00:00:00Z,9353,2035,5,17,363,1055,385,NA,NA,NA,Thu,FALSE,7.5–10k
2873212765,2016-04-08T00:00:00Z,7157,1944,0,0,380,1060,380,NA,NA,NA,Fri,FALSE,5–7.5k
2873212765,2016-04-09T00:00:00Z,14103,2257,46,8,288,1098,342,NA,NA,NA,Sat,TRUE,≥12.5k
2873212765,2016-04-10T00:00:00Z,5290,1724,1,8,251,1180,260,NA,NA,NA,Sun,TRUE,5–7.5k
2873212765,2016-04-11T00:00:00Z,7497,1741,0,0,357,882,357,NA,NA,NA,Mon,FALSE,5–7.5k
2873212765,2016-04-12T00:00:00Z,0,0,0,0,0,1440,0,NA,NA,NA,Tue,FALSE,<5k
2891001357,2016-03-29T00:00:00Z,0,1920,0,0,0,1440,0,NA,NA,NA,Tue,FALSE,<5k
2891001357,2016-03-30T00:00:00Z,0,1920,0,0,0,1440,0,NA,NA,NA,Wed,FALSE,<5k
2891001357,2016-03-31T00:00:00Z,0,1920,0,0,0,1440,0,NA,NA,NA,Thu,FALSE,<5k
2891001357,2016-04-01T00:00:00Z,0,4562,0,660,0,780,660,NA,NA,NA,Fri,FALSE,<5k
2891001357,2016-04-02T00:00:00Z,4126,2881,0,0,720,720,720,NA,NA,NA,Sat,TRUE,<5k
2891001357,2016-04-03T00:00:00Z,0,1920,0,0,0,1440,0,NA,NA,NA,Sun,TRUE,<5k
2891001357,2016-04-04T00:00:00Z,0,1920,0,0,0,1440,0,NA,NA,NA,Mon,FALSE,<5k
2891001357,2016-04-05T00:00:00Z,2063,1144,0,0,630,99,630,NA,NA,NA,Tue,FALSE,<5k
3372868164,2016-04-01T00:00:00Z,5785,1852,0,0,311,1129,311,NA,NA,NA,Fri,FALSE,5–7.5k
3372868164,2016-04-02T00:00:00Z,7625,2069,24,1,341,1074,366,NA,NA,NA,Sat,TRUE,7.5–10k
3372868164,2016-04-03T00:00:00Z,4706,1816,0,0,299,1141,299,NA,NA,NA,Sun,TRUE,<5k
3372868164,2016-04-04T00:00:00Z,5861,1878,20,7,233,1180,260,NA,NA,NA,Mon,FALSE,5–7.5k
3372868164,2016-04-05T00:00:00Z,4460,1787,0,0,248,1192,248,NA,NA,NA,Tue,FALSE,<5k
3372868164,2016-04-06T00:00:00Z,6406,2010,17,4,325,1094,346,NA,NA,NA,Wed,FALSE,5–7.5k
3372868164,2016-04-07T00:00:00Z,7392,2038,14,9,332,1085,355,NA,NA,NA,Thu,FALSE,5–7.5k
3372868164,2016-04-08T00:00:00Z,5551,1815,0,0,282,1158,282,NA,NA,NA,Fri,FALSE,5–7.5k
3372868164,2016-04-09T00:00:00Z,8827,2062,21,10,346,1063,377,NA,NA,NA,Sat,TRUE,7.5–10k
3372868164,2016-04-10T00:00:00Z,4662,1276,22,4,152,735,178,NA,NA,NA,Sun,TRUE,<5k
3977333714,2016-04-01T00:00:00Z,4499,1288,0,0,168,842,168,NA,NA,NA,Fri,FALSE,<5k
3977333714,2016-04-02T00:00:00Z,7618,1490,0,6,302,842,308,NA,NA,NA,Sat,TRUE,7.5–10k
3977333714,2016-04-03T00:00:00Z,11508,1630,29,22,282,748,333,NA,NA,NA,Sun,TRUE,10–12.5k
3977333714,2016-04-04T00:00:00Z,11943,1648,16,43,297,710,356,NA,NA,NA,Mon,FALSE,10–12.5k
3977333714,2016-04-05T00:00:00Z,12303,1649,26,32,291,605,349,NA,NA,NA,Tue,FALSE,10–12.5k
3977333714,2016-04-06T00:00:00Z,15425,1783,24,45,331,614,400,NA,NA,NA,Wed,FALSE,≥12.5k
3977333714,2016-04-07T00:00:00Z,8422,1431,0,81,139,815,220,NA,NA,NA,Thu,FALSE,7.5–10k
3977333714,2016-04-08T00:00:00Z,10226,1524,0,101,174,685,275,NA,NA,NA,Fri,FALSE,10–12.5k
3977333714,2016-04-09T00:00:00Z,14583,1697,35,36,254,697,325,NA,NA,NA,Sat,TRUE,≥12.5k
3977333714,2016-04-10T00:00:00Z,3573,1232,15,8,99,866,122,NA,NA,NA,Sun,TRUE,<5k
3977333714,2016-04-11T00:00:00Z,3108,1223,1,1,129,894,131,NA,NA,NA,Mon,FALSE,<5k
3977333714,2016-04-12T00:00:00Z,759,182,0,0,17,187,17,274,469,0.5842217484008528,Tue,FALSE,<5k
4020332650,2016-03-12T00:00:00Z,5543,2990,0,0,254,757,254,NA,NA,NA,Sat,TRUE,5–7.5k
4020332650,2016-03-13T00:00:00Z,3226,2480,0,0,136,771,136,NA,NA,NA,Sun,TRUE,<5k
4020332650,2016-03-14T00:00:00Z,3023,2570,0,0,145,1005,145,NA,NA,NA,Mon,FALSE,<5k
4020332650,2016-03-15T00:00:00Z,5906,3016,0,10,215,874,225,NA,NA,NA,Tue,FALSE,5–7.5k
4020332650,2016-03-16T00:00:00Z,12483,3830,25,14,309,599,348,NA,NA,NA,Wed,FALSE,10–12.5k
4020332650,2016-03-17T00:00:00Z,8940,3706,0,0,47,986,47,NA,NA,NA,Thu,FALSE,7.5–10k
4020332650,2016-03-18T00:00:00Z,368,2024,0,0,0,1440,0,NA,NA,NA,Fri,FALSE,<5k
4020332650,2016-03-19T00:00:00Z,5702,2980,0,0,0,1440,0,NA,NA,NA,Sat,TRUE,5–7.5k
4020332650,2016-03-20T00:00:00Z,10330,3728,0,0,0,1440,0,NA,NA,NA,Sun,TRUE,10–12.5k
4020332650,2016-03-21T00:00:00Z,8778,3348,0,0,0,1440,0,NA,NA,NA,Mon,FALSE,7.5–10k
4020332650,2016-03-22T00:00:00Z,6662,3162,0,0,0,1440,0,NA,NA,NA,Tue,FALSE,5–7.5k
4020332650,2016-03-23T00:00:00Z,6309,3140,0,0,0,1440,0,NA,NA,NA,Wed,FALSE,5–7.5k
4020332650,2016-03-24T00:00:00Z,1951,1980,0,0,0,1440,0,NA,NA,NA,Thu,FALSE,<5k
4020332650,2016-03-25T00:00:00Z,5563,3681,0,0,0,1440,0,NA,NA,NA,Fri,FALSE,5–7.5k
4020332650,2016-03-26T00:00:00Z,4370,3444,0,0,0,1440,0,NA,NA,NA,Sat,TRUE,<5k
4020332650,2016-03-27T00:00:00Z,7144,3510,0,0,0,1440,0,NA,NA,NA,Sun,TRUE,5–7.5k
4020332650,2016-03-28T00:00:00Z,2106,4010,31,45,75,1289,151,NA,NA,NA,Mon,FALSE,<5k
4020332650,2016-03-29T00:00:00Z,4152,2976,0,0,187,1253,187,NA,NA,NA,Tue,FALSE,<5k
4020332650,2016-03-30T00:00:00Z,5400,3418,0,0,258,795,258,NA,NA,NA,Wed,FALSE,5–7.5k
4020332650,2016-03-31T00:00:00Z,7428,3439,18,33,261,860,312,NA,NA,NA,Thu,FALSE,5–7.5k
4020332650,2016-04-01T00:00:00Z,5351,3338,15,17,210,748,242,NA,NA,NA,Fri,FALSE,5–7.5k
4020332650,2016-04-02T00:00:00Z,4299,2892,3,15,162,752,180,NA,NA,NA,Sat,TRUE,<5k
4020332650,2016-04-03T00:00:00Z,6107,3313,0,0,265,776,265,NA,NA,NA,Sun,TRUE,5–7.5k
4020332650,2016-04-04T00:00:00Z,6429,3118,0,28,193,741,221,NA,NA,NA,Mon,FALSE,5–7.5k
4020332650,2016-04-05T00:00:00Z,6880,2966,7,19,165,1249,191,NA,NA,NA,Tue,FALSE,5–7.5k
4020332650,2016-04-06T00:00:00Z,7476,3253,0,0,263,920,263,NA,NA,NA,Wed,FALSE,5–7.5k
4020332650,2016-04-07T00:00:00Z,6581,3032,0,8,241,1191,249,NA,NA,NA,Thu,FALSE,5–7.5k
4020332650,2016-04-08T00:00:00Z,10480,4034,6,37,272,1125,315,NA,NA,NA,Fri,FALSE,10–12.5k
4020332650,2016-04-09T00:00:00Z,7734,3264,20,12,223,1185,255,NA,NA,NA,Sat,TRUE,7.5–10k
4020332650,2016-04-10T00:00:00Z,5129,2817,5,7,176,1178,188,NA,NA,NA,Sun,TRUE,5–7.5k
4020332650,2016-04-11T00:00:00Z,2993,2507,0,0,114,888,114,NA,NA,NA,Mon,FALSE,<5k
4020332650,2016-04-12T00:00:00Z,8,446,0,0,1,321,1,501,541,0.9260628465804066,Tue,FALSE,<5k
4057192912,2016-03-12T00:00:00Z,0,1777,0,0,0,1440,0,NA,NA,NA,Sat,TRUE,<5k
4057192912,2016-03-13T00:00:00Z,0,1777,0,0,0,1440,0,NA,NA,NA,Sun,TRUE,<5k
4057192912,2016-03-14T00:00:00Z,8433,2453,30,7,135,1268,172,NA,NA,NA,Mon,FALSE,7.5–10k
4057192912,2016-03-15T00:00:00Z,0,1776,0,0,0,1440,0,NA,NA,NA,Tue,FALSE,<5k
4057192912,2016-03-16T00:00:00Z,2139,1935,0,28,15,1397,43,NA,NA,NA,Wed,FALSE,<5k
4057192912,2016-03-17T00:00:00Z,0,1776,0,0,0,1440,0,NA,NA,NA,Thu,FALSE,<5k
4057192912,2016-03-18T00:00:00Z,949,1870,0,0,34,1406,34,NA,NA,NA,Fri,FALSE,<5k
4057192912,2016-03-19T00:00:00Z,0,1777,0,0,0,1440,0,NA,NA,NA,Sat,TRUE,<5k
4057192912,2016-03-20T00:00:00Z,44,1782,0,0,2,1438,2,NA,NA,NA,Sun,TRUE,<5k
4057192912,2016-03-21T00:00:00Z,2660,1978,0,0,46,1394,46,NA,NA,NA,Mon,FALSE,<5k
4057192912,2016-03-22T00:00:00Z,5561,2296,0,0,169,1271,169,NA,NA,NA,Tue,FALSE,5–7.5k
4057192912,2016-03-23T00:00:00Z,7239,2484,7,7,190,1236,204,NA,NA,NA,Wed,FALSE,5–7.5k
4057192912,2016-03-24T00:00:00Z,7,1787,0,0,1,1439,1,NA,NA,NA,Thu,FALSE,<5k
4057192912,2016-03-25T00:00:00Z,0,1776,0,0,0,1440,0,NA,NA,NA,Fri,FALSE,<5k
4057192912,2016-03-26T00:00:00Z,0,1776,0,0,0,1440,0,NA,NA,NA,Sat,TRUE,<5k
4057192912,2016-03-27T00:00:00Z,2275,2005,0,0,86,1354,86,NA,NA,NA,Sun,TRUE,<5k
4057192912,2016-03-28T00:00:00Z,8,1778,0,0,1,1439,1,NA,NA,NA,Mon,FALSE,<5k
4057192912,2016-03-29T00:00:00Z,5137,2293,0,0,160,1280,160,NA,NA,NA,Tue,FALSE,5–7.5k
4057192912,2016-03-30T00:00:00Z,5419,2259,0,0,145,1295,145,NA,NA,NA,Wed,FALSE,5–7.5k
4057192912,2016-03-31T00:00:00Z,0,1776,0,0,0,1440,0,NA,NA,NA,Thu,FALSE,<5k
4057192912,2016-04-01T00:00:00Z,0,1776,0,0,0,1440,0,NA,NA,NA,Fri,FALSE,<5k
4057192912,2016-04-02T00:00:00Z,0,1776,0,0,0,1440,0,NA,NA,NA,Sat,TRUE,<5k
4057192912,2016-04-03T00:00:00Z,0,1776,0,0,0,1440,0,NA,NA,NA,Sun,TRUE,<5k
4057192912,2016-04-04T00:00:00Z,0,1776,0,0,0,1440,0,NA,NA,NA,Mon,FALSE,<5k
4057192912,2016-04-05T00:00:00Z,0,1776,0,0,0,1440,0,NA,NA,NA,Tue,FALSE,<5k
4057192912,2016-04-06T00:00:00Z,18,1780,0,0,2,1438,2,NA,NA,NA,Wed,FALSE,<5k
4057192912,2016-04-07T00:00:00Z,4,1778,0,0,1,1439,1,NA,NA,NA,Thu,FALSE,<5k
4057192912,2016-04-08T00:00:00Z,8426,2360,2,120,25,1293,147,NA,NA,NA,Fri,FALSE,7.5–10k
4057192912,2016-04-09T00:00:00Z,1650,1952,0,0,60,1380,60,NA,NA,NA,Sat,TRUE,<5k
4057192912,2016-04-10T00:00:00Z,3434,2101,1,7,108,1324,116,NA,NA,NA,Sun,TRUE,<5k
4057192912,2016-04-11T00:00:00Z,6801,2393,0,0,193,1247,193,NA,NA,NA,Mon,FALSE,5–7.5k
4057192912,2016-04-12T00:00:00Z,187,538,0,0,11,400,11,NA,NA,NA,Tue,FALSE,<5k
4319703577,2016-03-29T00:00:00Z,5643,1958,3,8,199,683,210,NA,NA,NA,Tue,FALSE,5–7.5k
4319703577,2016-03-30T00:00:00Z,9043,2141,4,12,244,702,260,NA,NA,NA,Wed,FALSE,7.5–10k
4319703577,2016-03-31T00:00:00Z,8144,2129,4,17,247,1125,268,NA,NA,NA,Thu,FALSE,7.5–10k
4319703577,2016-04-01T00:00:00Z,9343,2216,14,20,268,654,302,NA,NA,NA,Fri,FALSE,7.5–10k
4319703577,2016-04-02T00:00:00Z,8405,2154,15,4,257,621,276,NA,NA,NA,Sat,TRUE,7.5–10k
4319703577,2016-04-03T00:00:00Z,8223,2178,12,37,257,551,306,NA,NA,NA,Sun,TRUE,7.5–10k
4319703577,2016-04-04T00:00:00Z,10067,2308,5,39,313,578,357,NA,NA,NA,Mon,FALSE,10–12.5k
4319703577,2016-04-05T00:00:00Z,8359,2201,3,14,311,638,328,NA,NA,NA,Tue,FALSE,7.5–10k
4319703577,2016-04-06T00:00:00Z,10946,2341,8,51,308,569,367,NA,NA,NA,Wed,FALSE,10–12.5k
4319703577,2016-04-07T00:00:00Z,9130,2236,7,11,304,668,322,NA,NA,NA,Thu,FALSE,7.5–10k
4319703577,2016-04-08T00:00:00Z,6544,2069,4,6,276,1132,286,NA,NA,NA,Fri,FALSE,5–7.5k
4319703577,2016-04-09T00:00:00Z,0,0,0,0,0,1440,0,NA,NA,NA,Sat,TRUE,<5k
4388161847,2016-03-29T00:00:00Z,0,1878,0,0,0,1440,0,NA,NA,NA,Tue,FALSE,<5k
4388161847,2016-03-30T00:00:00Z,0,1878,0,0,0,1440,0,NA,NA,NA,Wed,FALSE,<5k
4388161847,2016-03-31T00:00:00Z,0,1878,0,0,0,1440,0,NA,NA,NA,Thu,FALSE,<5k
4388161847,2016-04-01T00:00:00Z,0,1878,0,0,0,1440,0,NA,NA,NA,Fri,FALSE,<5k
4388161847,2016-04-02T00:00:00Z,0,1878,0,0,0,1440,0,NA,NA,NA,Sat,TRUE,<5k
4388161847,2016-04-03T00:00:00Z,0,1878,0,0,0,1440,0,NA,NA,NA,Sun,TRUE,<5k
4388161847,2016-04-04T00:00:00Z,0,1878,0,0,0,1440,0,NA,NA,NA,Mon,FALSE,<5k
4388161847,2016-04-05T00:00:00Z,0,1296,0,0,0,994,0,NA,NA,NA,Tue,FALSE,<5k
4445114986,2016-03-29T00:00:00Z,2303,2010,0,0,155,807,155,NA,NA,NA,Tue,FALSE,<5k
4445114986,2016-03-30T00:00:00Z,2600,2032,0,0,163,1277,163,NA,NA,NA,Wed,FALSE,<5k
4445114986,2016-03-31T00:00:00Z,4804,2227,0,0,238,786,238,NA,NA,NA,Thu,FALSE,<5k
4445114986,2016-04-01T00:00:00Z,3271,2133,0,0,205,898,205,NA,NA,NA,Fri,FALSE,<5k
4445114986,2016-04-02T00:00:00Z,5406,2317,0,0,273,672,273,NA,NA,NA,Sat,TRUE,5–7.5k
4445114986,2016-04-03T00:00:00Z,3146,2058,0,0,171,1269,171,NA,NA,NA,Sun,TRUE,<5k
4445114986,2016-04-04T00:00:00Z,2422,1935,0,0,110,1330,110,NA,NA,NA,Mon,FALSE,<5k
4445114986,2016-04-05T00:00:00Z,4239,2217,1,6,235,702,242,NA,NA,NA,Tue,FALSE,<5k
4445114986,2016-04-06T00:00:00Z,6911,2374,28,2,215,745,245,NA,NA,NA,Wed,FALSE,5–7.5k
4445114986,2016-04-07T00:00:00Z,6667,2335,24,1,208,939,233,NA,NA,NA,Thu,FALSE,5–7.5k
4445114986,2016-04-08T00:00:00Z,5543,2303,0,0,266,941,266,NA,NA,NA,Fri,FALSE,5–7.5k
4445114986,2016-04-09T00:00:00Z,4195,2210,0,0,239,758,239,NA,NA,NA,Sat,TRUE,<5k
4445114986,2016-04-10T00:00:00Z,6625,2424,0,0,316,755,316,NA,NA,NA,Sun,TRUE,5–7.5k
4445114986,2016-04-11T00:00:00Z,5986,2297,23,5,195,789,223,NA,NA,NA,Mon,FALSE,5–7.5k
4445114986,2016-04-12T00:00:00Z,278,745,0,0,20,253,20,429,457,0.9387308533916849,Tue,FALSE,<5k
4558609924,2016-04-01T00:00:00Z,5336,1902,0,0,258,1182,258,NA,NA,NA,Fri,FALSE,5–7.5k
4558609924,2016-04-02T00:00:00Z,3183,1680,0,0,173,1180,173,NA,NA,NA,Sat,TRUE,<5k
4558609924,2016-04-03T00:00:00Z,6176,1901,1,7,269,886,277,NA,NA,NA,Sun,TRUE,5–7.5k
4558609924,2016-04-04T00:00:00Z,8205,2078,0,0,367,1073,367,NA,NA,NA,Mon,FALSE,7.5–10k
4558609924,2016-04-05T00:00:00Z,6799,1876,24,14,185,1217,223,NA,NA,NA,Tue,FALSE,5–7.5k
4558609924,2016-04-06T00:00:00Z,5668,1853,0,0,259,1181,259,NA,NA,NA,Wed,FALSE,5–7.5k
4558609924,2016-04-07T00:00:00Z,7998,2235,27,12,296,1105,335,NA,NA,NA,Thu,FALSE,7.5–10k
4558609924,2016-04-08T00:00:00Z,4195,1778,0,0,241,1199,241,NA,NA,NA,Fri,FALSE,<5k
4558609924,2016-04-09T00:00:00Z,5512,1882,0,0,276,1164,276,NA,NA,NA,Sat,TRUE,5–7.5k
4558609924,2016-04-10T00:00:00Z,6263,1906,0,0,290,1150,290,NA,NA,NA,Sun,TRUE,5–7.5k
4558609924,2016-04-11T00:00:00Z,8828,2149,0,0,308,1132,308,NA,NA,NA,Mon,FALSE,7.5–10k
4558609924,2016-04-12T00:00:00Z,1260,722,0,0,76,555,76,NA,NA,NA,Tue,FALSE,<5k
4702921684,2016-03-29T00:00:00Z,6506,2886,4,5,241,760,250,NA,NA,NA,Tue,FALSE,5–7.5k
4702921684,2016-03-30T00:00:00Z,7583,2915,3,13,227,742,243,NA,NA,NA,Wed,FALSE,7.5–10k
4702921684,2016-03-31T00:00:00Z,6963,2895,0,0,256,759,256,NA,NA,NA,Thu,FALSE,5–7.5k
4702921684,2016-04-01T00:00:00Z,7165,2923,0,9,248,708,257,NA,NA,NA,Fri,FALSE,5–7.5k
4702921684,2016-04-02T00:00:00Z,10328,3323,0,32,367,475,399,NA,NA,NA,Sat,TRUE,10–12.5k
4702921684,2016-04-03T00:00:00Z,12116,3357,3,57,323,471,383,NA,NA,NA,Sun,TRUE,10–12.5k
4702921684,2016-04-04T00:00:00Z,7810,2931,6,27,216,746,249,NA,NA,NA,Mon,FALSE,7.5–10k
4702921684,2016-04-05T00:00:00Z,6670,2848,15,16,199,770,230,NA,NA,NA,Tue,FALSE,5–7.5k
4702921684,2016-04-06T00:00:00Z,7605,2943,4,4,248,708,256,NA,NA,NA,Wed,FALSE,7.5–10k
4702921684,2016-04-07T00:00:00Z,6585,2822,0,0,210,770,210,NA,NA,NA,Thu,FALSE,5–7.5k
4702921684,2016-04-08T00:00:00Z,8184,2981,0,15,247,808,262,NA,NA,NA,Fri,FALSE,7.5–10k
4702921684,2016-04-09T00:00:00Z,14002,3597,8,56,381,407,445,NA,NA,NA,Sat,TRUE,≥12.5k
4702921684,2016-04-10T00:00:00Z,11135,3224,1,25,331,528,357,NA,NA,NA,Sun,TRUE,10–12.5k
4702921684,2016-04-11T00:00:00Z,6499,2677,0,0,207,809,207,NA,NA,NA,Mon,FALSE,5–7.5k
4702921684,2016-04-12T00:00:00Z,0,0,0,0,0,1440,0,425,439,0.9681093394077449,Tue,FALSE,<5k
5553957443,2016-04-01T00:00:00Z,12409,2142,51,12,235,782,298,NA,NA,NA,Fri,FALSE,10–12.5k
5553957443,2016-04-02T00:00:00Z,2937,1615,0,0,181,356,181,NA,NA,NA,Sat,TRUE,<5k
5553957443,2016-04-03T00:00:00Z,1515,1481,0,0,93,507,93,NA,NA,NA,Sun,TRUE,<5k
5553957443,2016-04-04T00:00:00Z,8921,1892,27,8,198,754,233,NA,NA,NA,Mon,FALSE,7.5–10k
5553957443,2016-04-05T00:00:00Z,11306,2086,40,26,218,772,284,NA,NA,NA,Tue,FALSE,10–12.5k
5553957443,2016-04-06T00:00:00Z,12252,2044,33,28,229,745,290,NA,NA,NA,Wed,FALSE,10–12.5k
5553957443,2016-04-07T00:00:00Z,15444,2249,51,39,243,731,333,NA,NA,NA,Thu,FALSE,≥12.5k
5553957443,2016-04-08T00:00:00Z,9938,2019,38,24,193,767,255,NA,NA,NA,Fri,FALSE,7.5–10k
5553957443,2016-04-09T00:00:00Z,4599,1692,0,0,176,578,176,NA,NA,NA,Sat,TRUE,<5k
5553957443,2016-04-10T00:00:00Z,5594,1712,4,25,150,552,179,NA,NA,NA,Sun,TRUE,5–7.5k
5553957443,2016-04-11T00:00:00Z,11906,2065,32,27,234,688,293,NA,NA,NA,Mon,FALSE,10–12.5k
5553957443,2016-04-12T00:00:00Z,3436,633,7,11,50,61,68,441,464,0.9504310344827587,Tue,FALSE,<5k
5577150313,2016-04-01T00:00:00Z,10461,3625,99,31,142,721,272,NA,NA,NA,Fri,FALSE,10–12.5k
5577150313,2016-04-02T00:00:00Z,14873,4430,202,36,153,663,391,NA,NA,NA,Sat,TRUE,≥12.5k
5577150313,2016-04-03T00:00:00Z,9917,3427,58,27,240,700,325,NA,NA,NA,Sun,TRUE,7.5–10k
5577150313,2016-04-04T00:00:00Z,7401,3492,70,19,204,689,293,NA,NA,NA,Mon,FALSE,5–7.5k
5577150313,2016-04-05T00:00:00Z,8964,3597,107,18,145,756,270,NA,NA,NA,Tue,FALSE,7.5–10k
5577150313,2016-04-06T00:00:00Z,11080,3765,83,52,190,695,325,NA,NA,NA,Wed,FALSE,10–12.5k
5577150313,2016-04-07T00:00:00Z,4499,2775,31,11,146,756,188,NA,NA,NA,Thu,FALSE,<5k
5577150313,2016-04-08T00:00:00Z,4363,2486,8,2,156,813,166,NA,NA,NA,Fri,FALSE,<5k
5577150313,2016-04-09T00:00:00Z,10494,3817,123,62,138,601,323,NA,NA,NA,Sat,TRUE,10–12.5k
5577150313,2016-04-10T00:00:00Z,9776,3378,80,35,162,721,277,NA,NA,NA,Sun,TRUE,7.5–10k
5577150313,2016-04-11T00:00:00Z,2862,1511,39,17,54,209,110,NA,NA,NA,Mon,FALSE,<5k
6117666160,2016-04-01T00:00:00Z,7444,2210,0,0,286,568,286,NA,NA,NA,Fri,FALSE,5–7.5k
6117666160,2016-04-02T00:00:00Z,19658,2884,3,30,475,466,508,NA,NA,NA,Sat,TRUE,≥12.5k
6117666160,2016-04-03T00:00:00Z,0,1496,0,0,0,1440,0,NA,NA,NA,Sun,TRUE,<5k
6117666160,2016-04-04T00:00:00Z,8468,2262,2,11,279,1148,292,NA,NA,NA,Mon,FALSE,7.5–10k
6117666160,2016-04-05T00:00:00Z,9910,2445,0,0,384,990,384,NA,NA,NA,Tue,FALSE,7.5–10k
6117666160,2016-04-06T00:00:00Z,12409,2694,0,0,491,388,491,NA,NA,NA,Wed,FALSE,10–12.5k
6117666160,2016-04-07T00:00:00Z,4853,1903,0,0,156,770,156,NA,NA,NA,Thu,FALSE,<5k
6117666160,2016-04-08T00:00:00Z,8955,2482,0,0,422,1018,422,NA,NA,NA,Fri,FALSE,7.5–10k
6117666160,2016-04-09T00:00:00Z,10789,2617,0,0,506,413,506,NA,NA,NA,Sat,TRUE,10–12.5k
6117666160,2016-04-10T00:00:00Z,0,0,0,0,0,1440,0,NA,NA,NA,Sun,TRUE,<5k
6290855005,2016-04-01T00:00:00Z,6633,2778,0,0,280,1160,280,NA,NA,NA,Fri,FALSE,5–7.5k
6290855005,2016-04-02T00:00:00Z,9548,3119,25,107,113,1195,245,NA,NA,NA,Sat,TRUE,7.5–10k
6290855005,2016-04-03T00:00:00Z,0,2664,33,0,0,1407,33,NA,NA,NA,Sun,TRUE,<5k
6290855005,2016-04-04T00:00:00Z,0,2060,0,0,0,1440,0,NA,NA,NA,Mon,FALSE,<5k
6290855005,2016-04-05T00:00:00Z,0,2060,0,0,0,1440,0,NA,NA,NA,Tue,FALSE,<5k
6290855005,2016-04-06T00:00:00Z,0,2060,0,0,0,1440,0,NA,NA,NA,Wed,FALSE,<5k
6290855005,2016-04-07T00:00:00Z,0,2060,0,0,0,1440,0,NA,NA,NA,Thu,FALSE,<5k
6290855005,2016-04-08T00:00:00Z,0,2060,0,0,0,1440,0,NA,NA,NA,Fri,FALSE,<5k
6290855005,2016-04-09T00:00:00Z,0,2060,0,0,0,1440,0,NA,NA,NA,Sat,TRUE,<5k
6290855005,2016-04-10T00:00:00Z,0,735,20,0,0,494,20,NA,NA,NA,Sun,TRUE,<5k
6391747486,2016-04-01T00:00:00Z,0,1820,0,0,0,1440,0,NA,NA,NA,Fri,FALSE,<5k
6391747486,2016-04-02T00:00:00Z,2101,2224,46,0,0,1394,46,NA,NA,NA,Sat,TRUE,<5k
6391747486,2016-04-03T00:00:00Z,0,1820,0,0,0,1440,0,NA,NA,NA,Sun,TRUE,<5k
6391747486,2016-04-04T00:00:00Z,0,1820,0,0,0,1440,0,NA,NA,NA,Mon,FALSE,<5k
6391747486,2016-04-05T00:00:00Z,9766,2442,0,6,301,1133,307,NA,NA,NA,Tue,FALSE,7.5–10k
6391747486,2016-04-06T00:00:00Z,165,1849,0,0,8,1432,8,NA,NA,NA,Wed,FALSE,<5k
6391747486,2016-04-07T00:00:00Z,0,1822,0,0,0,1440,0,NA,NA,NA,Thu,FALSE,<5k
6391747486,2016-04-08T00:00:00Z,0,1820,0,0,0,1440,0,NA,NA,NA,Fri,FALSE,<5k
6391747486,2016-04-09T00:00:00Z,0,251,0,0,0,198,0,NA,NA,NA,Sat,TRUE,<5k
6775888955,2016-04-01T00:00:00Z,7225,3065,25,50,163,1189,238,NA,NA,NA,Fri,FALSE,5–7.5k
6775888955,2016-04-02T00:00:00Z,1988,2207,0,0,79,909,79,NA,NA,NA,Sat,TRUE,<5k
6775888955,2016-04-03T00:00:00Z,1577,1977,1,17,8,1414,26,NA,NA,NA,Sun,TRUE,<5k
6775888955,2016-04-04T00:00:00Z,0,1841,0,0,0,1440,0,NA,NA,NA,Mon,FALSE,<5k
6775888955,2016-04-05T00:00:00Z,9348,4286,56,133,240,1011,429,NA,NA,NA,Tue,FALSE,7.5–10k
6775888955,2016-04-06T00:00:00Z,11761,3920,24,99,300,550,423,NA,NA,NA,Wed,FALSE,10–12.5k
6775888955,2016-04-07T00:00:00Z,13987,3856,46,114,250,739,410,NA,NA,NA,Thu,FALSE,≥12.5k
6775888955,2016-04-08T00:00:00Z,4131,2584,27,30,75,1308,132,NA,NA,NA,Fri,FALSE,<5k
6775888955,2016-04-09T00:00:00Z,14,787,0,0,1,601,1,NA,NA,NA,Sat,TRUE,<5k
6962181067,2016-03-30T00:00:00Z,15491,2244,18,77,272,641,367,NA,NA,NA,Wed,FALSE,≥12.5k
6962181067,2016-03-31T00:00:00Z,14097,2188,50,32,234,595,316,NA,NA,NA,Thu,FALSE,≥12.5k
6962181067,2016-04-01T00:00:00Z,10467,2014,9,45,252,602,306,NA,NA,NA,Fri,FALSE,10–12.5k
6962181067,2016-04-02T00:00:00Z,12437,2115,50,24,219,732,293,NA,NA,NA,Sat,TRUE,10–12.5k
6962181067,2016-04-03T00:00:00Z,12307,2055,14,51,218,589,283,NA,NA,NA,Sun,TRUE,10–12.5k
6962181067,2016-04-04T00:00:00Z,18952,2437,73,20,327,570,420,NA,NA,NA,Mon,FALSE,≥12.5k
6962181067,2016-04-05T00:00:00Z,12010,2158,38,17,287,692,342,NA,NA,NA,Tue,FALSE,10–12.5k
6962181067,2016-04-06T00:00:00Z,12480,2170,55,14,276,593,345,NA,NA,NA,Wed,FALSE,10–12.5k
6962181067,2016-04-07T00:00:00Z,13417,2244,45,16,284,665,345,NA,NA,NA,Thu,FALSE,≥12.5k
6962181067,2016-04-08T00:00:00Z,14400,2188,27,37,276,697,340,NA,NA,NA,Fri,FALSE,≥12.5k
6962181067,2016-04-09T00:00:00Z,12495,2231,33,19,324,609,376,NA,NA,NA,Sat,TRUE,10–12.5k
6962181067,2016-04-10T00:00:00Z,10148,2100,19,7,306,679,332,NA,NA,NA,Sun,TRUE,10–12.5k
6962181067,2016-04-11T00:00:00Z,12362,2188,21,38,297,678,356,NA,NA,NA,Mon,FALSE,10–12.5k
6962181067,2016-04-12T00:00:00Z,5893,917,43,9,48,146,100,366,387,0.9457364341085271,Tue,FALSE,5–7.5k
7007744171,2016-04-01T00:00:00Z,11680,2573,50,7,244,1139,301,NA,NA,NA,Fri,FALSE,10–12.5k
7007744171,2016-04-02T00:00:00Z,10976,2575,9,16,271,1075,296,NA,NA,NA,Sat,TRUE,10–12.5k
7007744171,2016-04-03T00:00:00Z,16806,3086,104,31,230,1002,365,NA,NA,NA,Sun,TRUE,≥12.5k
7007744171,2016-04-04T00:00:00Z,15266,2886,70,21,292,1057,383,NA,NA,NA,Mon,FALSE,≥12.5k
7007744171,2016-04-05T00:00:00Z,12084,2676,50,6,284,1030,340,NA,NA,NA,Tue,FALSE,10–12.5k
7007744171,2016-04-06T00:00:00Z,13513,2811,64,8,270,1098,342,NA,NA,NA,Wed,FALSE,≥12.5k
7007744171,2016-04-07T00:00:00Z,14100,2840,61,33,265,1015,359,NA,NA,NA,Thu,FALSE,≥12.5k
7007744171,2016-04-08T00:00:00Z,12627,2871,54,22,301,1063,377,NA,NA,NA,Fri,FALSE,≥12.5k
7007744171,2016-04-09T00:00:00Z,10345,2613,2,6,358,1074,366,NA,NA,NA,Sat,TRUE,10–12.5k
7007744171,2016-04-10T00:00:00Z,10146,2700,1,12,397,1030,410,NA,NA,NA,Sun,TRUE,10–12.5k
7007744171,2016-04-11T00:00:00Z,12168,2871,18,27,375,1020,420,NA,NA,NA,Mon,FALSE,10–12.5k
7007744171,2016-04-12T00:00:00Z,7413,1023,53,6,43,405,102,NA,NA,NA,Tue,FALSE,5–7.5k
7086361926,2016-04-01T00:00:00Z,11463,2496,38,30,154,777,222,NA,NA,NA,Fri,FALSE,10–12.5k
7086361926,2016-04-02T00:00:00Z,87,1641,0,0,2,872,2,NA,NA,NA,Sat,TRUE,<5k
7086361926,2016-04-03T00:00:00Z,1949,1794,3,6,27,1404,36,NA,NA,NA,Sun,TRUE,<5k
7086361926,2016-04-04T00:00:00Z,6101,2421,31,24,138,1247,193,NA,NA,NA,Mon,FALSE,5–7.5k
7086361926,2016-04-05T00:00:00Z,7478,2439,25,33,132,1159,190,NA,NA,NA,Tue,FALSE,5–7.5k
7086361926,2016-04-06T00:00:00Z,7352,2233,19,14,124,814,157,NA,NA,NA,Wed,FALSE,5–7.5k
7086361926,2016-04-07T00:00:00Z,14604,2862,76,30,127,695,233,NA,NA,NA,Thu,FALSE,≥12.5k
7086361926,2016-04-08T00:00:00Z,9634,2752,50,48,140,797,238,NA,NA,NA,Fri,FALSE,7.5–10k
7086361926,2016-04-09T00:00:00Z,7338,2519,27,5,204,717,236,NA,NA,NA,Sat,TRUE,5–7.5k
7086361926,2016-04-10T00:00:00Z,569,1799,0,0,27,1368,27,NA,NA,NA,Sun,TRUE,<5k
7086361926,2016-04-11T00:00:00Z,6242,2543,46,22,126,741,194,NA,NA,NA,Mon,FALSE,5–7.5k
7086361926,2016-04-12T00:00:00Z,430,625,0,0,14,75,14,514,525,0.97904761904761906,Tue,FALSE,<5k
8053475328,2016-04-02T00:00:00Z,20188,3377,124,19,172,1125,315,NA,NA,NA,Sat,TRUE,≥12.5k
8053475328,2016-04-03T00:00:00Z,25701,3697,165,36,97,1142,298,NA,NA,NA,Sun,TRUE,≥12.5k
8053475328,2016-04-04T00:00:00Z,17395,3209,100,4,213,1123,317,NA,NA,NA,Mon,FALSE,≥12.5k
8053475328,2016-04-05T00:00:00Z,17167,3167,98,8,184,1150,290,NA,NA,NA,Tue,FALSE,≥12.5k
8053475328,2016-04-06T00:00:00Z,16435,3122,100,14,191,1135,305,NA,NA,NA,Wed,FALSE,≥12.5k
8053475328,2016-04-07T00:00:00Z,17078,3176,101,6,190,1143,297,NA,NA,NA,Thu,FALSE,≥12.5k
8053475328,2016-04-08T00:00:00Z,11693,2790,60,6,153,1221,219,NA,NA,NA,Fri,FALSE,10–12.5k
8053475328,2016-04-09T00:00:00Z,11159,2715,59,6,120,1255,185,NA,NA,NA,Sat,TRUE,10–12.5k
8053475328,2016-04-10T00:00:00Z,10118,2684,30,18,207,1185,255,NA,NA,NA,Sun,TRUE,10–12.5k
8053475328,2016-04-11T00:00:00Z,16064,3097,96,8,155,1181,259,NA,NA,NA,Mon,FALSE,≥12.5k
8053475328,2016-04-12T00:00:00Z,290,791,0,0,16,599,16,NA,NA,NA,Tue,FALSE,<5k
8253242879,2016-04-01T00:00:00Z,0,1429,0,0,0,1440,0,NA,NA,NA,Fri,FALSE,<5k
8253242879,2016-04-02T00:00:00Z,0,1429,0,0,0,1440,0,NA,NA,NA,Sat,TRUE,<5k
8253242879,2016-04-03T00:00:00Z,0,1429,0,0,0,1440,0,NA,NA,NA,Sun,TRUE,<5k
8253242879,2016-04-04T00:00:00Z,0,1429,0,0,0,1440,0,NA,NA,NA,Mon,FALSE,<5k
8253242879,2016-04-05T00:00:00Z,0,1429,0,0,0,1440,0,NA,NA,NA,Tue,FALSE,<5k
8253242879,2016-04-06T00:00:00Z,1931,1607,0,0,94,1346,94,NA,NA,NA,Wed,FALSE,<5k
8253242879,2016-04-07T00:00:00Z,5181,1776,15,15,107,1303,137,NA,NA,NA,Thu,FALSE,5–7.5k
8253242879,2016-04-08T00:00:00Z,12026,2162,47,13,150,1230,210,NA,NA,NA,Fri,FALSE,10–12.5k
8253242879,2016-04-09T00:00:00Z,5360,1832,8,28,148,1256,184,NA,NA,NA,Sat,TRUE,5–7.5k
8253242879,2016-04-10T00:00:00Z,2545,1657,0,0,126,1314,126,NA,NA,NA,Sun,TRUE,<5k
8253242879,2016-04-11T00:00:00Z,1636,1377,0,0,86,1139,86,NA,NA,NA,Mon,FALSE,<5k
8253242879,2016-04-12T00:00:00Z,0,0,0,0,0,1440,0,NA,NA,NA,Tue,FALSE,<5k
8378563200,2016-04-01T00:00:00Z,14179,3669,73,21,195,719,289,NA,NA,NA,Fri,FALSE,≥12.5k
8378563200,2016-04-02T00:00:00Z,3358,2702,0,0,144,657,144,NA,NA,NA,Sat,TRUE,<5k
8378563200,2016-04-03T00:00:00Z,9152,3304,25,13,243,600,281,NA,NA,NA,Sun,TRUE,7.5–10k
8378563200,2016-04-04T00:00:00Z,13935,4234,105,16,220,658,341,NA,NA,NA,Mon,FALSE,≥12.5k
8378563200,2016-04-05T00:00:00Z,12846,4128,113,15,189,686,317,NA,NA,NA,Tue,FALSE,≥12.5k
8378563200,2016-04-06T00:00:00Z,9124,3798,55,6,230,728,291,NA,NA,NA,Wed,FALSE,7.5–10k
8378563200,2016-04-07T00:00:00Z,9725,3839,83,11,181,670,275,NA,NA,NA,Thu,FALSE,7.5–10k
8378563200,2016-04-08T00:00:00Z,8350,3713,72,10,167,868,249,NA,NA,NA,Fri,FALSE,7.5–10k
8378563200,2016-04-09T00:00:00Z,2240,2606,0,0,110,843,110,NA,NA,NA,Sat,TRUE,<5k
8378563200,2016-04-10T00:00:00Z,2631,2624,0,0,117,727,117,NA,NA,NA,Sun,TRUE,<5k
8378563200,2016-04-11T00:00:00Z,8837,3775,74,17,182,811,273,NA,NA,NA,Mon,FALSE,7.5–10k
8378563200,2016-04-12T00:00:00Z,3246,1882,65,15,49,243,129,338,356,0.949438202247191,Tue,FALSE,<5k
8583815059,2016-04-01T00:00:00Z,2174,2360,0,0,112,1328,112,NA,NA,NA,Fri,FALSE,<5k
8583815059,2016-04-02T00:00:00Z,3494,2517,0,0,166,1274,166,NA,NA,NA,Sat,TRUE,<5k
8583815059,2016-04-03T00:00:00Z,2380,2400,0,0,131,1309,131,NA,NA,NA,Sun,TRUE,<5k
8583815059,2016-04-04T00:00:00Z,3159,2462,0,0,147,1293,147,NA,NA,NA,Mon,FALSE,<5k
8583815059,2016-04-05T00:00:00Z,6835,2786,5,15,212,1208,232,NA,NA,NA,Tue,FALSE,5–7.5k
8583815059,2016-04-06T00:00:00Z,2098,2354,0,0,112,1328,112,NA,NA,NA,Wed,FALSE,<5k
8583815059,2016-04-07T00:00:00Z,2816,2437,0,0,138,1302,138,NA,NA,NA,Thu,FALSE,<5k
8583815059,2016-04-08T00:00:00Z,1408,1814,0,0,79,1052,79,NA,NA,NA,Fri,FALSE,<5k
8792009665,2016-04-01T00:00:00Z,4592,2260,4,8,176,748,188,NA,NA,NA,Fri,FALSE,<5k
8792009665,2016-04-02T00:00:00Z,8452,3004,9,24,328,1079,361,NA,NA,NA,Sat,TRUE,7.5–10k
8792009665,2016-04-03T00:00:00Z,7238,2667,2,6,279,636,287,NA,NA,NA,Sun,TRUE,5–7.5k
8792009665,2016-04-04T00:00:00Z,3821,2229,0,9,161,675,170,NA,NA,NA,Mon,FALSE,<5k
8792009665,2016-04-05T00:00:00Z,2332,2100,1,10,111,904,122,NA,NA,NA,Tue,FALSE,<5k
8792009665,2016-04-06T00:00:00Z,2121,2114,0,0,122,855,122,NA,NA,NA,Wed,FALSE,<5k
8792009665,2016-04-07T00:00:00Z,1291,1961,0,0,77,888,77,NA,NA,NA,Thu,FALSE,<5k
8792009665,2016-04-08T00:00:00Z,1467,1953,2,8,71,912,81,NA,NA,NA,Fri,FALSE,<5k
8792009665,2016-04-09T00:00:00Z,1022,1890,0,0,63,739,63,NA,NA,NA,Sat,TRUE,<5k
8792009665,2016-04-10T00:00:00Z,4605,2253,0,0,179,1261,179,NA,NA,NA,Sun,TRUE,<5k
8792009665,2016-04-11T00:00:00Z,178,1725,0,0,12,1428,12,NA,NA,NA,Mon,FALSE,<5k
8792009665,2016-04-12T00:00:00Z,20,728,0,0,6,598,6,458,493,0.9290060851926978,Tue,FALSE,<5k
8877689391,2016-04-01T00:00:00Z,18700,3527,67,3,247,1123,317,NA,NA,NA,Fri,FALSE,≥12.5k
8877689391,2016-04-02T00:00:00Z,27572,4220,116,24,260,1040,400,NA,NA,NA,Sat,TRUE,≥12.5k
8877689391,2016-04-03T00:00:00Z,15260,3864,106,17,259,1058,382,NA,NA,NA,Sun,TRUE,≥12.5k
8877689391,2016-04-04T00:00:00Z,20779,3662,78,16,208,1138,302,NA,NA,NA,Mon,FALSE,≥12.5k
8877689391,2016-04-05T00:00:00Z,10695,2834,10,3,246,1181,259,NA,NA,NA,Tue,FALSE,10–12.5k
8877689391,2016-04-06T00:00:00Z,24136,4039,87,16,318,1019,421,NA,NA,NA,Wed,FALSE,≥12.5k
8877689391,2016-04-07T00:00:00Z,10910,2947,32,11,212,1185,255,NA,NA,NA,Thu,FALSE,10–12.5k
8877689391,2016-04-08T00:00:00Z,23014,4196,70,29,359,982,458,NA,NA,NA,Fri,FALSE,≥12.5k
8877689391,2016-04-09T00:00:00Z,16470,3841,90,9,289,1052,388,NA,NA,NA,Sat,TRUE,≥12.5k
8877689391,2016-04-10T00:00:00Z,28497,4526,128,46,211,1055,385,NA,NA,NA,Sun,TRUE,≥12.5k
8877689391,2016-04-11T00:00:00Z,10622,2820,18,7,225,1190,250,NA,NA,NA,Mon,FALSE,10–12.5k
8877689391,2016-04-12T00:00:00Z,2350,938,0,0,58,531,58,NA,NA,NA,Tue,FALSE,<5k
